Unknown,2025-07-04_17-53-17,unknown_faces\intruder_2025-07-04_17-53-17.jpg
Unknown,2025-07-04_17-53-32,unknown_faces\intruder_2025-07-04_17-53-32.jpg
Unknown,2025-07-04_17-56-50,unknown_faces\intruder_2025-07-04_17-56-50.jpg
Unknown,2025-07-04_17-56-55,unknown_faces\intruder_2025-07-04_17-56-55.jpg
Unknown,2025-07-04_17-57-41,unknown_faces\intruder_2025-07-04_17-57-41.jpg
Unknown,2025-07-04_17-59-11,unknown_faces\intruder_2025-07-04_17-59-11.jpg
Unknown,2025-07-04_18-01-45,unknown_faces\intruder_2025-07-04_18-01-45.jpg
Unknown,2025-07-04_18-01-51,unknown_faces\intruder_2025-07-04_18-01-51.jpg
Unknown,2025-07-05_18-05-41,unknown_faces\intruder_2025-07-05_18-05-41.jpg
Unknown,2025-07-05_18-08-44,unknown_faces\intruder_2025-07-05_18-08-44.jpg
